,last_source,sessions_count,sessions_orders_count,sessions_typ_count,cr
0,,1749066,3623,8295,0.004742531156628738
1,yandex,376114,596,1816,0.004828323327501768
2,yandex_market,47795,7,1659,0.034710743801652885
3,advcake,85339,393,942,0.011038329485932577
4,google,46510,2,602,0.01294345302085573
5,rtbhouse,3328,5,182,0.0546875
6,yandex.market,11531,165,165,0.014309253317145087
7,rr,2953,0,146,0.04944124619031493
8,serviceletter,1973,131,131,0.06639635073492144
9,sale.mi-shop.com,11917,109,109,0.009146597297977678
10,yandexmarket,3466,109,109,0.031448355452971734
11,soloway,3004,1,87,0.02896138482023968
12,yandex_direct,35247,84,84,0.002383181547365733
13,picodi-sale.com,449,83,83,0.18485523385300667
14,nadavi,4258,0,65,0.015265382808830438
15,newsletter,8661,64,64,0.00738944694608013
16,google_adwords,20223,59,59,0.0029174702071898336
17,mnogo.ru,7075,57,57,0.008056537102473497
18,Рассылка интернет-магазина,1425,46,46,0.032280701754385965
19,20180307_avto,2423,0,43,0.017746595130004126
20,filteroRU,298,0,32,0.10738255033557048
21,mir-kubikov,1234,30,30,0.024311183144246355
22,streetbeat,2255,29,29,0.012860310421286032
23,flocktory,640,16,29,0.0453125
24,retailrocket,965,26,28,0.029015544041450774
25,20180312_stm_welcome,244,0,27,0.11065573770491803
26,20180304,2076,0,27,0.01300578034682081
27,20180312_stm,2485,0,26,0.010462776659959759
28,20180305_month,1608,0,24,0.01492537313432836
29,20180302_akcii_pl,306,0,22,0.0718954248366013
30,mindbox,438,20,20,0.045662100456620995
31,eksmo.ru,661,19,19,0.028744326777609682
32,email,145,18,18,0.12413793103448276
33,drofa-ventana,1383,2,18,0.013015184381778741
34,urokrf,2139,0,17,0.007947639083683964
35,20180311_petshop,872,0,16,0.01834862385321101
36,yandexmarket.spb,1014,15,15,0.014792899408284025
37,mb,69,0,14,0.2028985507246377
38,sms,2692,13,13,0.004829123328380386
39,youtube,1664,3,13,0.0078125
40,googlemap,406,0,12,0.029556650246305417
41,flctry,40,0,12,0.3
42,re-store,2931,11,11,0.003752985329239168
43,20180302_akcii_active,578,0,11,0.01903114186851211
44,device,20409,11,11,0.0005389779019060218
45,mytarget,1058,0,10,0.00945179584120983
46,bayan,6644,9,9,0.0013546056592414206
47,criteo,3360,8,8,0.0023809523809523807
48,FbTargetKarusel,310,7,7,0.022580645161290318
49,iphonesru,4740,7,7,0.0014767932489451474
50,20180226_svet,83,0,7,0.08433734939759037
51,20180131_avto_1,200,0,6,0.03
52,Corpus,44,6,6,0.13636363636363635
53,Sendsay,14929,0,6,0.0004019023377319311
54,facebook,6142,6,6,0.000976880494952784
55,admitad,166,4,5,0.030120481927710843
56,price.ru,865,0,4,0.004624277456647399
57,yandexmarket.chelyabinks,213,4,4,0.018779342723004692
58,20180225_2,43,0,4,0.09302325581395347
59,ast.ru,116,4,4,0.03448275862068965
60,20180227_silovaya,232,0,4,0.017241379310344827
61,INSTA,274,4,4,0.0145985401459854
62,yandexmarket.krasnodar,259,4,4,0.015444015444015444
63,20180302_akcii_neactive,32,0,4,0.125
64,mi_community,307,3,3,0.009771986970684038
65,allwebpush,505,3,3,0.005940594059405941
66,Affiliate.Publishers,83,3,3,0.03614457831325301
67,bricker.ru,314,3,3,0.009554140127388536
68,yandexmarket.rostov,219,3,3,0.0136986301369863
69,20180307_avto_neactive,153,0,3,0.0196078431372549
70,directyandex,1878,0,3,0.001597444089456869
71,flocktory_pre,25,0,3,0.12
72,smntc,116,3,3,0.02586206896551724
73,instagram,29832,3,3,0.0001005631536604988
74,20180301_akcii,8,0,3,0.375
75,yandexmarket.kzn,148,3,3,0.020270270270270268
76,yandexmarket.tver,454,2,2,0.004405286343612335
77,biglion,6,2,2,0.3333333333333333
78,mt_mg,993,2,2,0.0020140986908358514
79,livelib,138,2,2,0.014492753623188406
80,20140220,2,0,2,1.0
81,menobr,41,0,2,0.04878048780487805
82,yandexmarket.novosib,227,2,2,0.00881057268722467
83,Рассылка интернет-магазина АСТ,38,2,2,0.05263157894736842
84,20180302_akcii_welcomeleft,16,0,2,0.125
85,yandexmarket.novokuznetsk,88,2,2,0.022727272727272728
86,tinkoff,111,1,2,0.018018018018018014
87,20180228_izmerilka,219,0,2,0.0091324200913242
88,survey,14,2,2,0.14285714285714285
89,partner,106,1,1,0.009433962264150943
90,20180225_1,51,0,1,0.0196078431372549
91,20180211_pl,7,0,1,0.14285714285714285
92,20180209_stm_a,2,0,1,0.5
93,forms,39,0,1,0.02564102564102564
94,surfingbird,5990,1,1,0.0001669449081803005
95,20180218,22,0,1,0.045454545454545456
96,2241,1,1,1,1.0
97,20180227_opt,2,0,1,0.5
98,sendsay,597,0,1,0.0016750418760469012
99,20180219_23feb,15,0,1,0.06666666666666668
100,20180211_a,64,0,1,0.015625
101,instagram_com_ast,14,1,1,0.07142857142857142
102,20180222_23feb,13,0,1,0.07692307692307693
103,20180221_skidka220_1,11,0,1,0.09090909090909093
104,cpamit,29,1,1,0.03448275862068965
105,N1881.Facebook,5733,1,1,0.00017442874585731728
106,1190,1,1,1,1.0
107,VK,16,1,1,0.0625
108,yandexmarket.rzn,73,1,1,0.0136986301369863
109,topadvert,203,1,1,0.0049261083743842365
110,20180228_santeh,37,0,1,0.027027027027027032
111,vkontakte,4697,1,1,0.00021290185224611451
112,tradetracker,15,1,1,0.06666666666666668
113,20180306_akcii,3,0,1,0.3333333333333333
114,20171226_stm,3,0,1,0.3333333333333333
115,primezone,216,1,1,0.0046296296296296285
116,price59,34,0,1,0.029411764705882356
117,20180212_sad,7,0,1,0.14285714285714285
118,affiliate_partners,39,1,1,0.02564102564102564
119,yandexmarket.tumen,98,1,1,0.010204081632653059
120,20171211_stm,1,0,0,0.0
121,20170919,1,0,0,0.0
122,20170922grzh,1,0,0,0.0
123,1908,1,0,0,0.0
124,20180209_stm_b,2,0,0,0.0
125,torgmail,68,0,0,0.0
126,20171112,6,0,0,0.0
127,mi-shop.com,1,0,0,0.0
128,iphonesruальфа р,1,0,0,0.0
129,onedaysale,5,0,0,0.0
130,smi,2,0,0,0.0
131,vc_promo,3,0,0,0.0
132,odnoklassniki.ru,210,0,0,0.0
133,20170517,2,0,0,0.0
134,20170217,1,0,0,0.0
135,2239,1,0,0,0.0
136,VKTargetKnopka,2,0,0,0.0
137,vk_nyusha,14,0,0,0.0
138,20180125_ruchnik_tst,2,0,0,0.0
139,Sibnet,78,0,0,0.0
140,qrcode,38,0,0,0.0
141,fb.com_ast,2,0,0,0.0
142,Рассылка интернет-магазина book24.ru,1,0,0,0.0
143,20131022,1,0,0,0.0
144,yandexmarket.vladivostok,78,0,0,0.0
145,yamar,1,0,0,0.0
146,20171105,6,0,0,0.0
147,20180123_pl,1,0,0,0.0
148,criteo_msk,3,0,0,0.0
149,fbig-carousel-gender8march,54,0,0,0.0
150,iphonesru/?min_price=21990,12,0,0,0.0
151,1664,1,0,0,0.0
152,20151029,1,0,0,0.0
153,220-volt.tiu.ru,6,0,0,0.0
154,Affiliate.Partners,1,0,0,0.0
155,UniSender,1,0,0,0.0
156,wcbook,2,0,0,0.0
157,Criteo,73,0,0,0.0
158,VKposev,45,0,0,0.0
159,iphones_music/?min_price=1790,9,0,0,0.0
160,znanika,2,0,0,0.0
161,MT,1,0,0,0.0
162,ClearProfit_yandex_cpc,1,0,0,0.0
163,1434,1,0,0,0.0
164,vk-carousel-gender8march,105,0,0,0.0
165,lonely_planet,1,0,0,0.0
166,The-Flow(season_2),1,0,0,0.0
167,test_utm_source,1,0,0,0.0
168,Fbpost,1,0,0,0.0
169,print,2,0,0,0.0
170,lifehacker_wd,4,0,0,0.0
171,20180212_23feb,1,0,0,0.0
172,20170723,1,0,0,0.0
173,20180314_silovaya,1,0,0,0.0
174,20180131_dom,5,0,0,0.0
175,20171216_dremel,3,0,0,0.0
176, blackfridaysale_ru,5,0,0,0.0
177,yandex_banneri_nuri,1,0,0,0.0
178,20180204_b,4,0,0,0.0
179,fb,1,0,0,0.0
180,lonelyplanet,3,0,0,0.0
181,firstdata,952,0,0,0.0
182,20150331,1,0,0,0.0
183,omsk.nashaspravka.ru,1,0,0,0.0
184,fbig-post-gender8march,100,0,0,0.0
185,odnoklassniki,3,0,0,0.0
186,iphones,2,0,0,0.0
187,n1881.facebook,2,0,0,0.0
188,2198,1,0,0,0.0
189,20170702,1,0,0,0.0
190,Vk_post,1,0,0,0.0
191,ekaterinburg.nashaspravka.ru,1,0,0,0.0
192,resobr,5,0,0,0.0
193,20180129_cenorez_a,1,0,0,0.0
194,blizkoru_id13032619,5,0,0,0.0
195,sunlight.net,131,0,0,0.0
196,20170317,1,0,0,0.0
197,TEST,1,0,0,0.0
198,yell.ru,1,0,0,0.0
199,ok,2,0,0,0.0
200,20150414,1,0,0,0.0
201,the-flow,4,0,0,0.0
202,yandexmarket.taganrog,20,0,0,0.0
203,adletter,4,0,0,0.0
204,Torg_mail.ru,1,0,0,0.0
205,20131217,1,0,0,0.0
206,channel_drofa,1,0,0,0.0
207,20171119,1,0,0,0.0
208,20180122_month_tst,1,0,0,0.0
209,2242,1,0,0,0.0
210,20180215_pl_dreif_500,1,0,0,0.0
211,vk.com,53,0,0,0.0
212,20141227,2,0,0,0.0
213,20180112_skidka220,2,0,0,0.0
214,20171229,3,0,0,0.0
215,20180129_abraziv,1,0,0,0.0
216,yandexmarket.kaluga,61,0,0,0.0
217,20170219,1,0,0,0.0
218,1706,1,0,0,0.0
219,7dach,3,0,0,0.0
220,icontext_yandex,1,0,0,0.0
221,1393,1,0,0,0.0
222,20150326,1,0,0,0.0
223,b2bpriceletter,10,0,0,0.0
224,1407,1,0,0,0.0
225,eksmolive,78,0,0,0.0
226,blizkoru_id13169299,1,0,0,0.0
227,20171017,1,0,0,0.0
228,lecta,366,0,0,0.0
229,Price.ru,12,0,0,0.0
230,20161011,1,0,0,0.0
231,mixmarket,4,0,0,0.0
232,20180113_dremel,1,0,0,0.0
233,yandexmarket.novorossiysk,29,0,0,0.0
234,20161028,1,0,0,0.0
235,dbm,449,0,0,0.0
236,AdSmart,235,0,0,0.0
237,smolensk.nashaspravka.ru,1,0,0,0.0
238,Vk,8,0,0,0.0
239,20170825,1,0,0,0.0
240,20170419,1,0,0,0.0
241,just,10,0,0,0.0
242,Flow_beats,1,0,0,0.0
243,20180312_stm_neactive,109,0,0,0.0
244,Aport,1,0,0,0.0
245,yt,1,0,0,0.0
246,black_friday,1,0,0,0.0
247,1247,2,0,0,0.0
248,1592,2,0,0,0.0
249,Ruganza,2,0,0,0.0
250,1402,1,0,0,0.0
251,20180130_klimat,1,0,0,0.0
252,iphones_music,67,0,0,0.0
253,ai,1,0,0,0.0
254,20161220,1,0,0,0.0
255,20180124_mos,1,0,0,0.0
256,20161107,1,0,0,0.0
257,yaroslavl.nashaspravka.ru,1,0,0,0.0
258,2049,1,0,0,0.0
259,foxford,6,0,0,0.0
260,1868,1,0,0,0.0
261,actionpay,7,0,0,0.0
262,20180128,35,0,0,0.0
263,get4click,1,0,0,0.0
264,yandexmarket_msk,1,0,0,0.0
265,konkursgrant,4,0,0,0.0
266,retailrocket_streetbeat,3,0,0,0.0
267,20180222_dewalt,6,0,0,0.0
268,20180111,2,0,0,0.0
269,vk-post-gender8march,226,0,0,0.0
270,20180208_1_do49,1,0,0,0.0
271,20180216,1,0,0,0.0
272,20180221_skidka220_2,26,0,0,0.0
273,20171225_elektro,3,0,0,0.0
274,blizkoru_id10742564,5,0,0,0.0
275,alterprice,10,0,0,0.0
276,20180215_ruchnik_segment,12,0,0,0.0
277,CityADS,7,0,0,0.0
278,20150401,1,0,0,0.0
279,20171124_bf,1,0,0,0.0
280,begun,1,0,0,0.0
281,Рассылка интернет-магазина Эксмо,1,0,0,0.0
282,iphonesru/?min_price=40990,1,0,0,0.0
283,facebook.com_ast,4,0,0,0.0
284,yandexmarket.ufa,1,0,0,0.0
285,FB,2,0,0,0.0
286,yandexmarket.yaroslavl,78,0,0,0.0
287,lecta-logo,2,0,0,0.0
288,SB,6,0,0,0.0
289,2poick.ru,1,0,0,0.0
290,1179,1,0,0,0.0
291,novosibirsk.nashaspravka.ru,1,0,0,0.0
292,123,9,0,0,0.0
293,mir-kubikov.ru,1,0,0,0.0
294,1426,1,0,0,0.0
295,yandexmarket.kirov,44,0,0,0.0
296,googlerw,6,0,0,0.0
297,yandexmarket.ribinsk,24,0,0,0.0
298,1441,1,0,0,0.0
299,mt,2,0,0,0.0
300,koolinar,1,0,0,0.0
301,Avito.ru,1,0,0,0.0
302,1808,1,0,0,0.0
303,20180208_2_do49,5,0,0,0.0
304,blizkoru_id13169428,1,0,0,0.0
305,20180212_23feb_1c,1,0,0,0.0
306,2045,1,0,0,0.0
307,20140909,1,0,0,0.0
308,mytarget_O2O,1,0,0,0.0
309,instagram.com_ast,18,0,0,0.0
310,konkurs,7,0,0,0.0
311,MGCom,1138,0,0,0.0
312,moeobrazovanie,1,0,0,0.0
313,VKavtor,1,0,0,0.0
314,20180119_avto,2,0,0,0.0
315,20170828,1,0,0,0.0
316,direct,6,0,0,0.0
317,zen,3,0,0,0.0
318,youtube-bumper,7,0,0,0.0
319,landing_ast,1,0,0,0.0
320,otm-ban,4,0,0,0.0
321,pedsovet,1,0,0,0.0
322,rmnt,2,0,0,0.0
323,20171002,1,0,0,0.0
324,20150519,1,0,0,0.0
325,20180227_sad,8,0,0,0.0
326,lifehacker ,2,0,0,0.0
327,Viber,9,0,0,0.0
328,20180214_avto_activnie,2,0,0,0.0
329,yandexmarket.nsb,1,0,0,0.0
330,20171217,1,0,0,0.0
331,blizkoru_id13180185,6,0,0,0.0
332,1710,3,0,0,0.0
333,20160505,1,0,0,0.0
334,20171117_elektro,1,0,0,0.0
335,1671,2,0,0,0.0
336,readru,3,0,0,0.0
337,ixbt,303,0,0,0.0
338,20170802new,1,0,0,0.0
339,1september,43,0,0,0.0
340,psychologies,3,0,0,0.0
341,20180211_neactive,4,0,0,0.0
342,sendpulse,1,0,0,0.0
343,1916,1,0,0,0.0
344,OkTarget,1,0,0,0.0
345,20180314_santeh,1,0,0,0.0
346,drofa-ventanaru,287,0,0,0.0
347,Torg.Mail.ru,73,0,0,0.0
348,RetailRocket,155,0,0,0.0
349,sway,2,0,0,0.0
350,1798,1,0,0,0.0
351,20180215_ruchnik_active,14,0,0,0.0
352,20170330rr,1,0,0,0.0
353,yadirect,1102,0,0,0.0
354,poiskpodbor,13,0,0,0.0
355,20180214_avto_segment,5,0,0,0.0
356,20170329,1,0,0,0.0
357,yandexmarketsochi,35,0,0,0.0
358,gdn-them,8,0,0,0.0
359,20180121,3,0,0,0.0
360,blizkoru_id12571819,1,0,0,0.0
361,20170210,1,0,0,0.0
362,damprodam5,1,0,0,0.0
363,yandexmarket.kazan,3,0,0,0.0
364,mom.life,5,0,0,0.0
365,video-progr,5,0,0,0.0
366,aport.market,26,0,0,0.0
367,blizkoru_id13173468,1,0,0,0.0
368,20160607,1,0,0,0.0
369,yandexmarke,1,0,0,0.0
370,MediaMath-progr,1,0,0,0.0
371,20170215,1,0,0,0.0
372,20171029,1,0,0,0.0
373,20180216_elektro,6,0,0,0.0
374,AvitoContext,1,0,0,0.0
375,20180212_23feb_all,2,0,0,0.0
376,20171108_rashodka,1,0,0,0.0
377,yandexrw,3,0,0,0.0
378,news.mail.ru,2,0,0,0.0
379,20180109_stm,1,0,0,0.0
380,digest,3,0,0,0.0
381,mnogoru,1,0,0,0.0
382,rbf,1,0,0,0.0
383,2GIS,1,0,0,0.0
384,youtube-in-stream,183,0,0,0.0
385,20180131_avto_2,1,0,0,0.0
386,20180215_pl_new_500,1,0,0,0.0
387,2053,1,0,0,0.0
388,20170704,1,0,0,0.0
389,VKpost,18,0,0,0.0
390,everest,1,0,0,0.0
391,20170619,1,0,0,0.0
392,miui-su,1,0,0,0.0
393,gett/,2,0,0,0.0
394,adme.ru,2,0,0,0.0
395,ok.ru_ast,2,0,0,0.0
396,retailrocket_lego,2,0,0,0.0
397,restore,3,0,0,0.0
398,20180204_c,23,0,0,0.0
399,20180211_b,15,0,0,0.0
400,gdn-ban,4,0,0,0.0
401,metodisty,155,0,0,0.0
402,mytarget_ast,1,0,0,0.0
403,yandexmarket.vladikavkaz,31,0,0,0.0
404,abc,3,0,0,0.0
405,yandexmarket.nn,318,0,0,0.0
406,20170818shum,1,0,0,0.0
407,tema-lj,1,0,0,0.0
408,youtube-in-stream-valentine,3,0,0,0.0
409,20171204_osnastka,1,0,0,0.0
410,ideasvdolevkeru,1,0,0,0.0
411,easyen,870,0,0,0.0
412,IG_Street_Beat,1,0,0,0.0
413,social,215,0,0,0.0
414,20180214_avto_1,4,0,0,0.0
415,20180126_silovaya,1,0,0,0.0
416,FbTargetLenta,4,0,0,0.0
417,20180214_avto_2,4,0,0,0.0
418,example.org,1,0,0,0.0
419,realweb,3,0,0,0.0
420,20150609,1,0,0,0.0
421,prirodnoezemledelie.com_ast,2,0,0,0.0
422,readrate,1,0,0,0.0
423,20170303,1,0,0,0.0
424,20180204_neactive,1,0,0,0.0
425,market.yandex.ru,5,0,0,0.0
426,slamdunk,3,0,0,0.0
427,turbo,3,0,0,0.0
428,ivengo,15,0,0,0.0
429,20171130,1,0,0,0.0
430,iphonesru/?min_price=1790,16,0,0,0.0
431,1194,1,0,0,0.0
432,atlascomm,9,0,0,0.0
433,gdeslon,1,0,0,0.0
434,youtube.com_afinka,9,0,0,0.0
435,drofa-ventana_ru,43,0,0,0.0
436,2249,1,0,0,0.0
437,istorerf,11,0,0,0.0
438,1354,1,0,0,0.0
439,blizkoru_id11417061,3,0,0,0.0
440,kizima.ru_ast,3,0,0,0.0
441,YouTube,8,0,0,0.0
442,vk,126,0,0,0.0
443,1159,2,0,0,0.0
444,2023,1,0,0,0.0
445,20180205_month_a,1,0,0,0.0
446,20180126_izmerilka,1,0,0,0.0
447,1711,5,0,0,0.0
448,20171220_dom,1,0,0,0.0
449,news,49,0,0,0.0
450,20171224,10,0,0,0.0
451,20170808,1,0,0,0.0
452,mirtesen,274,0,0,0.0
453,20171219_izmerilka,1,0,0,0.0
454,gdn-banners,4,0,0,0.0
455,20170910,1,0,0,0.0
456,atlas,9,0,0,0.0
457,20180125_ruchnik,1,0,0,0.0
458,20180116_elektro_b,1,0,0,0.0
459,20161123_blackfriday,1,0,0,0.0
460,facebook.com,69,0,0,0.0
461,targetcircle,3,0,0,0.0
462,newyear.lego.com,14,0,0,0.0
463,1437,1,0,0,0.0
464,20170823,1,0,0,0.0
465,telegram.me,1,0,0,0.0
466,20180226_abraziv,11,0,0,0.0
467,20171210_import,1,0,0,0.0
468,20170621,1,0,0,0.0
469,elite-skill.ru_ast,1,0,0,0.0
470,teacher,1,0,0,0.0
471,20170811,1,0,0,0.0
472,topadvert_horoshop.ru,1,0,0,0.0
473,20180204_a,3,0,0,0.0
474,1416,3,0,0,0.0
